campaign_id,ad_group_id,keyword_id,product_targeting_id,campaign_name,ad_group_name,keyword_text,match_type,impressions,clicks,spend,sales,orders,roas,acos,bid
200171414843593,176708662571572,172986313438363,,BOX-SP/BROAD-(white- gift for girl),Ad group 1,gifts for girls,BROAD,74148,6213,3890.4,12384.99,228,3.18,31.4,0.4
292848303399755,291025799038676,346343660611720,,FRESH- VIDEO / BROAD (Jenna),,gift for 14 year old girl,broad,50293,3350,2208.08,5691.45,110,2.58,38.8,0.62
501467313119574,300902942853300,373146822995123,,"BOX-SBS/BROAD (Hunter, By Age)",,girls gifts age 8-10,broad,103377,4866,1801.86,5882.66,112,3.26,30.6,0.3
488973733209950,416387480620841,317044932069631,,"BOX-SP/AUTO (White, Discovery)",LOLLIBOX WHITE - AUTO,loose-match,Automatic,10308,2184,1221.92,6051.95,108,4.95,20.2,0.3
369056697567588,519847279578167,485639729786108,,ME- VIDEO/ BROAD,,journal kit for girls,broad,17740,2671,1173.28,5354.21,153,4.56,21.9,0.57
446868628489343,302639242934323,550546483027580,,FRESH-VIDEO/ BROAD,,birthday gifts teen girls,broad,15931,1456,997.5,4494.26,88,4.51,22.2,0.72
533357357724374,305636552823389,478888903453268,,BOX-VIDEO/BROAD (2 KW),,gifts for 9 year old girls,broad,10057,1554,989.86,2696.67,50,2.72,36.7,0.69
442375483215343,559795205869985,418904115954277,,BOX -EXACT/VIDEO (teen girl gifts trendy stuff),,teen girl gifts trendy stuff,exact,61853,1397,963.7,1677.4,31,1.74,57.5,0.8
292848303399755,291025799038676,507278582035908,,FRESH- VIDEO / BROAD (Jenna),,gift for 13 year old girl,broad,23977,1515,945.42,3951.44,80,4.18,23.9,0.63
292848303399755,291025799038676,504187420009327,,FRESH- VIDEO / BROAD (Jenna),,birthday gift for 13 year old girl,broad,12231,1127,768.59,2687.93,53,3.5,28.6,0.62
527422818407259,436092532090167,400617833444461,,"ME-SP/AUTO (discovery,Mint)",ME-AUTO,substitutes,Automatic,44867,1914,754.56,2901.37,84,3.85,26.0,0.39
501467313119574,300902942853300,491299818636882,,"BOX-SBS/BROAD (Hunter, By Age)",,tween birthday gifts for girls,broad,15095,1294,747.65,1587.26,31,2.12,47.1,0.3
71460479938206,437521225071921,465430143876365,,"BOX-SP/EXACT (Teen Girl Gifts, Boost)",Teen Girl Gifts - Exact,teen girl gifts,EXACT,45912,489,699.61,807.0,15,1.15,86.7,0.7
531456687555062,511166077504094,374689559876609,374689559876609,"ME-SP/PT (Conquest, Competitors)",ME- COMPETITORS (with video),"asin=""B0BY8C82LG""",ASIN,63273,806,649.43,2570.13,78,3.96,25.3,0.45
527422818407259,436092532090167,304542923249526,,ME-AUTO,ME-AUTO,loose-match,Automatic,5835,1129,597.89,2903.12,83,4.86,20.6,0.42
369056697567588,519847279578167,531957142326243,,ME- VIDEO/ BROAD,,tween journal diary,broad,3039,1147,544.44,2672.19,79,4.91,20.4,0.61
435692261851957,459036452038723,400745012957415,,"ME-VIDEO/EXACT ((Boost, Girls journal)",,journal for girls,exact,12102,799,542.02,1913.42,58,3.53,28.3,0.55
512157925768567,387259046659802,453758662659208,,"ME-SP/BROAD(10 year old girl gifts, Lollime Mint)",,10 year old girl gifts,BROAD,49297,863,531.97,2157.01,54,4.05,24.7,0.6
424256831364046,395333707404963,325490399101160,,BOX- STORE/ BROAD,,gifts for tween girls,broad,114417,2884,503.33,1296.87,28,2.58,38.8,0.2
424256831364046,395333707404963,458715003011511,,BOX- STORE/ BROAD,,birthday surprise box for girls,broad,41699,1574,486.4,1460.7,28,3.0,33.3,0.4
527422818407259,436092532090167,373381078695862,,ME-AUTO,ME-AUTO,close-match,Automatic,17460,862,482.13,2010.64,57,4.17,24.0,0.5
486950936491346,336534356095014,558028288459600,,BOTTLE-SP/AUTO (Discovery),BOTTLE-SP/AUTO (Discovery),close-match,Automatic,11405,1173,480.84,1363.19,44,2.84,35.3,0.45
369056697567588,519847279578167,562285957639523,,ME-VIDEO/BROAD (Hunter),,gifts for 8 year old girls,broad,4399,846,479.78,2161.2,64,4.5,22.2,0.55
537046793426450,327183226582531,383053945554734,,"ME-SBS/BROAD (Discovery, Journal)",,girls journal kit,broad,23254,1248,447.85,1517.54,46,3.39,29.5,0.42
420451428679840,507749748893317,374226294917260,,"FRESH-SP/AUTO (Beige, Discovery)",FRESH - AUTO/LOW BIDS(Beige),loose-match,Automatic,3232,817,440.13,1343.89,27,3.05,32.8,0.35
411807791631319,536631332192043,491479249660851,,BOX - EXACT (white - teen),,teen girl gift,EXACT,36733,340,411.86,258.5,6,0.63,159.3,0.85
486950936491346,336534356095014,418851313566266,,BOTTLE-SP/AUTO (Discovery),BOTTLE-SP/AUTO (Discovery),substitutes,Automatic,11394,759,367.15,910.19,29,2.48,40.3,0.25
424256831364046,395333707404963,476325002554350,,BOX- STORE/ BROAD,,9 year old girl birthday gifts,broad,37229,1726,359.38,1375.43,28,3.83,26.1,0.21
537046793426450,327183226582531,384300851034672,,"ME-SBS/BROAD (Discovery, Journal)",,journal kit for girls ages 8-12,broad,11446,689,359.25,1472.97,44,4.1,24.4,0.35
167698180322285,431691106173282,514421655450818,,"BOX-VIDEO/EXACT (Teen Girl Gifts, Boost)",,teen girl gifts,exact,13569,344,339.2,272.0,5,0.8,124.7,2.0
292848303399755,291025799038676,439648864838275,,FRESH- VIDEO / BROAD (Jenna),,gift for 16 year old girl,broad,4149,553,337.41,1228.13,25,3.64,27.5,0.59
342313119548309,472447908809960,412357927409346,,BRAND - BROAD (FRESH+WHITE),,gifts for 11 year old girl,broad,20362,754,319.54,1382.62,28,4.33,23.1,0.45
436243721018612,382647674939758,464795671985347,,BOTTLE-SP/BROAD,Truth or Dare,truth or dare,BROAD,30683,444,315.8,1076.4,35,3.41,29.3,1.43
424256831364046,395333707404963,381193205800893,,BOX- STORE/ BROAD,,gifts for 12 year old girls,broad,60192,1741,312.15,673.24,13,2.16,46.4,0.2
474287046075083,369705238653820,420496730053978,,ME - Exact - T2 - SP,,journal kit,EXACT,49673,363,306.34,791.76,24,2.58,38.7,0.6
435692261851957,459036452038723,453213535119291,,ME-VIDEO/EXACT (Girls journal),,girls journal,exact,5268,359,287.5,923.72,27,3.21,31.1,0.8
342313119548309,472447908809960,549989054780338,,BRAND - BROAD (FRESH+WHITE),,gifts for 13 year old girl,broad,30830,685,276.06,714.0,14,2.59,38.7,0.45
172187650043615,507673128185300,549071354596583,549071354596583,BOX-SP/PT (Product Defense),BOX-SP/PT (Product Defense),"asin=""B0C1VLXYBP""",ASIN,11011,391,273.44,250.59,5,0.92,109.1,0.75
153696497983692,404165596022195,294010512894617,,"ME-SP/AUTO (Conquest,Purple)",ME-AUTO - purple,loose-match,Automatic,1637,462,273.15,1088.67,32,3.99,25.1,0.4
531456687555062,511166077504094,333361608584542,333361608584542,"ME-SP/PT (Conquest, Competitors)",ME- COMPETITORS (with video),"asin=""B0FDKRTH55""",ASIN,20311,290,257.98,956.71,28,3.71,27.0,0.95
446868628489343,302639242934323,436774906313402,,FRESH-VIDEO/ BROAD,,bath set for teen girls,broad,1327,397,257.21,499.0,10,1.94,51.5,0.84
369056697567588,519847279578167,340917068667544,,ME-VIDEO/BROAD (Hunter),,gifts for tween girls,broad,5421,646,253.33,1242.04,37,4.9,20.4,0.39
342313119548309,472447908809960,472871506551769,,BRAND - BROAD (FRESH+WHITE),,12 year old girl gifts,broad,10521,591,238.89,1020.76,21,4.27,23.4,0.4
446012015657681,404659441401532,361907259761822,361907259761822,BOX- COMPETE (Copycats white),,"asin=""B0FY34F5V1""",ASIN,6197,248,229.84,432.48,7,1.88,53.1,0.55
190681467027940,488669150058568,313977450601967,,"ME-SP/AUTO (Conquest,Pink)",ME-AUTO - pink,loose-match,Automatic,5142,394,226.46,1006.61,30,4.44,22.5,0.4
446868628489343,302639242934323,439017870084365,,FRESH-VIDEO/ BROAD,,teen girl gift box,broad,3572,374,221.25,1203.05,23,5.44,18.4,0.75
488973733209950,416387480620841,326599428720185,,"BOX-SP/AUTO (White, Discovery)",LOLLIBOX WHITE - AUTO,close-match,Automatic,1308,395,211.34,761.6,14,3.6,27.7,0.3
435692261851957,459036452038723,497909354877025,,"ME-VIDEO/EXACT ((Boost, Girls journal)",,journal set for girls,exact,1997,284,206.64,1121.66,34,5.43,18.4,0.9
420451428679840,507749748893317,457829687958495,,"FRESH-SP/AUTO (Beige, Discovery)",FRESH - AUTO/LOW BIDS(Beige),close-match,Automatic,6098,381,197.13,499.0,10,2.53,39.5,0.25
446868628489343,302639242934323,375823550883021,,FRESH-VIDEO/ BROAD,,shower gift set,broad,1199,279,191.78,349.3,7,1.82,54.9,0.6
446012015657681,404659441401532,407599508626953,407599508626953,BOX- COMPETE (Copycats white),,"asin=""B0DJS922KB""",ASIN,6433,262,173.65,272.0,5,1.57,63.8,0.35
214487258364251,467943414509134,478946440670993,,"ME-SP/EXACT (Boost, Girls journal)","ME-SP/EXACT (Boost, Girls journal)",journal for girls,EXACT,3397,73,168.67,329.9,10,1.96,51.1,0.75
537046793426450,327183226582531,394751817213683,,"ME-SBS/BROAD (Discovery, Journal)",,girls journals age 8-10,broad,4910,416,157.99,659.8,20,4.18,23.9,0.35
474287046075083,369705238653820,442465273580677,,ME - Exact - T2 - SP,,journal for girls,EXACT,28776,183,155.72,164.95,5,1.06,94.4,0.6
341550011573799,306508241367089,341473745359121,341473745359121,ME -COMPETE (purple),,"asin=""B0DHCT2XP3""",ASIN,797,143,152.76,527.84,16,3.46,28.9,0.95
491652134548478,310142090670414,321268702442172,,"BRAND-STORE/BROAD (Me,Box,Bottle)",,gift for girls,broad,14538,765,146.02,637.57,16,4.37,22.9,0.2
435692261851957,459036452038723,460069013144719,,ME-VIDEO/EXACT (Girls journal),,craft kits for girls ages 8-12,exact,2113,105,140.11,391.25,12,2.79,35.8,1.2
486950936491346,336534356095014,293551558442831,,BOTTLE-SP/AUTO (Discovery),BOTTLE-SP/AUTO (Discovery),complements,Automatic,2204,139,133.61,29.9,1,0.22,446.9,0.26
446868628489343,302639242934323,387944343511881,,FRESH-VIDEO/ BROAD,,college girl gifts,broad,1682,222,131.62,445.55,9,3.39,29.5,0.6
214487258364251,467943414509134,486420843917428,,"ME-SP/EXACT (Boost, Girls journal)","ME-SP/EXACT (Boost, Girls journal)",girls journal,EXACT,2648,62,124.11,329.9,10,2.66,37.6,0.4
436243721018612,382647674939758,402504132843246,,BOTTLE-SP/BROAD,Truth or Dare,sleepover party games for girls,BROAD,11106,251,120.44,538.2,18,4.47,22.4,0.72
102652064294862,179404377394651,362116726889139,,BRAND-STORE/BROAD (old one),,gifts for tweens girls,broad,5498,374,120.36,454.18,10,3.77,26.5,0.35
435692261851957,459036452038723,420345733116531,,"ME-VIDEO/EXACT ((Boost, Girls journal)",,diary for girls ages 8-12,exact,1449,89,113.84,395.88,12,3.48,28.8,1.2
435692261851957,459036452038723,440053752515188,,ME-VIDEO/EXACT (Girls journal),,journal for girls ages 8-12,exact,1875,105,104.56,428.87,12,4.1,24.4,0.9
435692261851957,459036452038723,477036184647655,,ME-VIDEO/EXACT (Girls journal),,girls journals age 8-10,exact,1166,103,100.92,461.86,13,4.58,21.9,0.88
214487258364251,467943414509134,458188285581316,,"ME-SP/EXACT (Boost, Girls journal)","ME-SP/EXACT (Boost, Girls journal)",diary with lock for girls,EXACT,1024,50,98.33,306.74,8,3.12,32.1,0.85
278096465906874,540298968338807,395425697612080,395425697612080,BOTTLE- COMPETE (Copycats),BOTTLE- COMPETE (Copycats),"ASIN_EXPANDED_FROM=""B0G1G5343H""",ASIN Expanded,5588,129,96.52,0.0,0,0.0,,0.8
369056697567588,519847279578167,339723227202095,,ME- VIDEO/ BROAD,,girls fun stationery,broad,822,283,95.6,263.92,8,2.76,36.2,0.39
214487258364251,467943414509134,522795326376980,,"ME-SP/EXACT (Boost, Girls journal)","ME-SP/EXACT (Boost, Girls journal)",journal for girls ages 8-12,EXACT,3292,38,93.55,32.99,1,0.35,283.6,0.7
102652064294862,179404377394651,82569428923264,,BRAND-STORE/BROAD (old one),,girl birthday gift,broad,7430,284,89.71,354.89,7,3.96,25.3,0.35
250112863473946,547008849186913,535024997501614,535024997501614,ME-SP/PT (Product Defense),ME-SP/PT (Product Defense),"asin=""B0F9X95K5H""",ASIN,2824,129,88.13,483.27,14,5.48,18.2,0.75
486950936491346,336534356095014,418493562710318,,BOTTLE-SP/AUTO (Discovery),BOTTLE-SP/AUTO (Discovery),loose-match,Automatic,1063,309,83.98,529.93,12,6.31,15.8,0.2
435692261851957,459036452038723,372410123425754,,"ME-VIDEO/EXACT ((Boost, Girls journal)",,diary with lock for girls,exact,1047,94,82.72,164.95,5,1.99,50.1,0.8
531456687555062,511166077504094,429636976547669,429636976547669,ME- COMPETITORS (with video),ME- COMPETITORS (with video),"category=""166073011""",Category,2709,122,81.22,263.92,8,3.25,30.8,0.63
258822421490371,149548457304476,179928820721738,,"BOX-SP/PHRASE (Hunter, By Age, Pink)",Ad group 1,gifts for 9 year old girls,PHRASE,844,104,80.51,108.8,2,1.35,74.0,0.7
102652064294862,179404377394651,112184612964860,,BRAND-STORE/BROAD (old one),,gifts for 12 year old girl,broad,3568,241,78.21,330.39,7,4.22,23.7,0.35
446012015657681,404659441401532,358148474841625,358148474841625,BOX- COMPETE (Copycats white),,"asin=""B0DJS9JYLR""",ASIN,2696,143,77.15,380.8,8,4.94,20.3,0.3
250112863473946,547008849186913,555226904876537,555226904876537,ME-SP/PT (Product Defense),ME-SP/PT (Product Defense),"asin=""B0F9XFXQRW""",ASIN,1815,110,76.85,131.96,4,1.72,58.2,0.75
491652134548478,310142090670414,299687679492076,,"BRAND-STORE/BROAD (Me,Box,Bottle)",,teen girl gifts trendy stuff,broad,6085,391,75.34,98.97,3,1.31,76.1,0.2
102652064294862,179404377394651,362390243653017,,"BRAND-STORE/BROAD (Discovery, old one)",,teen girls gifts,broad,1569,260,72.06,332.7,8,4.62,21.7,0.29
153696497983692,404165596022195,285892839219362,,"ME-SP/AUTO (Conquest,Purple)",ME-AUTO - purple,close-match,Automatic,825,109,70.51,612.51,18,8.69,11.5,0.45
214487258364251,467943414509134,452936751765544,,"ME-SP/EXACT (Boost, Girls journal)","ME-SP/EXACT (Boost, Girls journal)",stationary for girls,EXACT,1487,40,70.49,131.96,4,1.87,53.4,0.75
411807791631319,536631332192043,444011341929014,,BOX - EXACT (white - teen),,gifts for teen girls 12-14,EXACT,3427,48,69.49,49.9,1,0.72,139.3,1.0
435692261851957,459036452038723,476491182302948,,ME-VIDEO/EXACT (Girls journal),,stationary for girls,exact,1169,87,67.79,230.93,7,3.41,29.4,1.0
64984933476400,296397057372432,446059050442948,,teenager girl gift ideas,eenager Gift Ideas - Exact,teenager girl gift ideas,EXACT,4110,76,67.76,217.6,4,3.21,31.1,0.75
214487258364251,467943414509134,535942916849839,,"ME-SP/EXACT (Boost, Girls journal)","ME-SP/EXACT (Boost, Girls journal)",diy journal kit for girls 8-14,EXACT,5022,69,67.07,263.92,8,3.93,25.4,0.75
491652134548478,310142090670414,548039290365987,,"BRAND-STORE/BROAD (Me,Box,Bottle)",,empowering gifts for girls,broad,7820,353,65.64,120.38,3,1.83,54.5,0.2
14040466080362,353193873171054,485306033198847,,BOX-SP/PHRASE (Brand Defense),BOX-SP/PHRASE (Brand Defense),happy lolli,PHRASE,6472,134,64.52,893.88,18,13.85,7.2,0.5
190681467027940,488669150058568,453893953816570,,"ME-SP/AUTO (Conquest,Pink)",ME-AUTO - pink,close-match,Automatic,2438,110,63.37,329.9,9,5.21,19.2,0.45
172872442210536,411998814663757,415778898681618,,"BOX-SP/AUTO (Purple, Discovery)",LOLLIBOX PURPLE - AUTO,loose-match,Automatic,728,251,59.45,326.4,6,5.49,18.2,0.25
214487258364251,467943414509134,358213055954525,,"ME-SP/EXACT (Boost, Girls journal)","ME-SP/EXACT (Boost, Girls journal)",diary for girls ages 8-12,EXACT,631,27,59.21,164.95,5,2.79,35.9,0.8
190681467027940,488669150058568,439044848049435,,"ME-SP/AUTO (Conquest,Pink)",ME-AUTO - pink,substitutes,Automatic,1299,159,59.13,263.92,7,4.46,22.4,0.25
292050934590827,402513197410802,309540793212136,,BOTTLE - EXACT - PRODUCT (tween games for girls),,sleepover games for girls 10-12,EXACT,3681,49,56.3,179.4,6,3.19,31.4,0.9
172187650043615,507673128185300,417931081669406,417931081669406,BOX-SP/PT (Product Defense),BOX-SP/PT (Product Defense),"asin=""B09XQ56RK5""",ASIN,814,82,55.91,213.1,4,3.81,26.2,0.75
270478855393981,330914661141003,321455236110924,,"BOX-SP/EXACT (Boost, Easter 2026)","BOX-SP/EXACT (Boost, Easter 2026)",teen easter basket,EXACT,803,57,54.75,54.4,1,0.99,100.6,0.4
270478855393981,330914661141003,398544717094345,,"BOX-SP/EXACT (Boost, Easter 2026)","BOX-SP/EXACT (Boost, Easter 2026)",easter baskets for teens,EXACT,790,55,54.7,163.2,2,2.98,33.5,0.4
342313119548309,472447908809960,478262319688209,,BRAND - BROAD (FRESH+WHITE),,16 year old girl gifts,broad,2842,133,52.71,99.8,2,1.89,52.8,0.4
435692261851957,459036452038723,430123306105353,,"ME-VIDEO/EXACT ((Boost, Girls journal)",,girls diary with lock,exact,360,53,50.78,131.96,4,2.6,38.5,1.0
172187650043615,507673128185300,473725622727097,473725622727097,BOX-SP/PT (Product Defense),BOX-SP/PT (Product Defense),"asin=""B0CR6N3WRC""",ASIN,1024,70,48.81,54.4,1,1.11,89.7,0.75
491652134548478,310142090670414,417323360351451,,"BRAND-STORE/BROAD (Me,Box,Bottle)",,gift for tween girls 11-14,broad,1176,234,47.51,420.94,11,8.86,11.3,0.2
102652064294862,179404377394651,23980150621082,,BRAND-STORE/BROAD (old one),,gifts for teen girls,broad,1681,167,46.71,239.4,6,5.13,19.5,0.29
17390526749894,494143378668151,359194060715369,,"FRESH-SP/AUTO (Pink, Discovery)",FRESH - AUTO/LOW BIDS(Pink),loose-match,Automatic,218,90,44.06,149.7,3,3.4,29.4,0.35
424256831364046,395333707404963,316291949635455,,BOX- STORE/ BROAD,,gifts for 10 year old girls,broad,2044,228,43.04,32.99,1,0.77,130.5,0.2
537046793426450,327183226582531,555874896682237,,ME-STORE/BROAD,,girls scrapbooking kit,broad,780,137,41.18,32.99,1,0.8,124.8,0.35
214487258364251,467943414509134,417571810208864,,"ME-SP/EXACT (Boost, Girls journal)","ME-SP/EXACT (Boost, Girls journal)",girls diary with lock,EXACT,244,18,41.12,65.98,2,1.6,62.3,0.75
491652134548478,310142090670414,289215631684658,,"BRAND-STORE/BROAD (Me,Box,Bottle)",,gift for 9 year old girl,broad,1165,204,40.99,98.97,3,2.41,41.4,0.2
537046793426450,327183226582531,399474918468235,,ME-STORE/BROAD,,best gift for 10 year old girl,broad,297,117,40.5,131.96,4,3.26,30.7,0.35
271418734706306,282024729983256,390057371992418,,BOX-VIDEO/PHRASE (Brand Defense),,happy lolli,exact,290,39,40.23,87.39,2,2.17,46.0,1.5
531456687555062,511166077504094,455464337171114,455464337171114,ME- COMPETITORS (with video),ME- COMPETITORS (with video),"asin=""B0CMH9HN74""",ASIN,2100,50,39.74,65.98,2,1.66,60.2,0.8
153696497983692,404165596022195,283653906080348,,"ME-SP/AUTO (Conquest,Purple)",ME-AUTO - purple,substitutes,Automatic,610,94,38.49,128.87,4,3.35,29.9,0.25
144455215082932,287211588074596,545534699159066,545534699159066,BOTTLE-SP/PT (Product Defense),BOTTLE-SP/PT (Defense),"asin=""B0F4KCCSWN""",ASIN,4273,57,38.41,95.88,3,2.5,40.1,0.75
531456687555062,511166077504094,510617674254031,510617674254031,ME- COMPETITORS (with video),ME- COMPETITORS (with video),"asin=""B0C36JVZ67""",ASIN,1486,43,38.37,98.97,3,2.58,38.8,0.59
491652134548478,310142090670414,467711601487789,,"BRAND-STORE/BROAD (Me,Box,Bottle)",,gift for girls 8-10,broad,1006,189,38.18,98.97,3,2.59,38.6,0.2
270478855393981,330914661141003,360016698350686,,"BOX-SP/EXACT (Boost, Easter 2026)","BOX-SP/EXACT (Boost, Easter 2026)",easter basket for teen girls,EXACT,376,38,37.46,54.4,1,1.45,68.9,0.4
214487258364251,467943414509134,293438918588483,,"ME-SP/EXACT (Boost, Girls journal)","ME-SP/EXACT (Boost, Girls journal)",girls journals age 8-10,EXACT,392,18,35.95,0.0,0,0.0,,0.75
250112863473946,547008849186913,292722409146571,292722409146571,ME-SP/PT (Product Defense),ME-SP/PT (Product Defense),"asin=""B0F9X95K5H""",ASIN,63,16,35.23,120.38,3,3.42,29.3,0.75
270478855393981,330914661141003,314440853701169,,"BOX-SP/EXACT (Boost, Easter 2026)","BOX-SP/EXACT (Boost, Easter 2026)",easter basket for teens,EXACT,552,38,34.51,0.0,0,0.0,,0.4
278096465906874,540298968338807,310260225682235,310260225682235,BOTTLE- COMPETE (Copycats),BOTTLE- COMPETE (Copycats),"asin=""B0G1G5343H""",ASIN,3796,42,34.43,149.5,5,4.34,23.0,0.34
250112863473946,547008849186913,509565070758349,509565070758349,ME-SP/PT (Product Defense),ME-SP/PT (Product Defense),"asin=""B0F9XFXQRW""",ASIN,74,15,33.9,32.99,1,0.97,102.8,0.75
424256831364046,395333707404963,562644937601390,,BOX- STORE/ BROAD,,gifts 11 year old girl,broad,1613,169,32.1,54.4,1,1.69,59.0,0.2
341550011573799,306508241367089,458624585495659,458624585495659,ME -COMPETE (purple),,"asin=""B0FDKRTH55""",ASIN,2246,40,29.09,98.97,3,3.4,29.4,0.8
488973733209950,416387480620841,305016763519534,,"BOX-SP/AUTO (White, Discovery)",LOLLIBOX WHITE - AUTO,complements,Automatic,238,60,28.98,54.4,1,1.88,53.3,0.16
435692261851957,459036452038723,328520843353831,,"ME-VIDEO/EXACT ((Boost, Girls journal)",,diy journal kit for girls 8-14,exact,382,28,27.54,65.98,2,2.4,41.7,1.0
446012015657681,404659441401532,527211780925352,527211780925352,BOX- COMPETE (Copycats white),,"asin=""B0DJS97SGG""",ASIN,239,33,26.0,49.9,1,1.92,52.1,0.57
270478855393981,330914661141003,503744211993075,,"BOX-SP/EXACT (Boost, Easter 2026)","BOX-SP/EXACT (Boost, Easter 2026)",teenager easter basket,EXACT,444,25,25.58,0.0,0,0.0,,0.4
102652064294862,179404377394651,438920272186265,,BRAND-STORE/BROAD (old one),,gifts for 10 year old girls,broad,567,88,24.92,62.89,2,2.52,39.6,0.29
270478855393981,330914661141003,559953572482544,,"BOX-SP/EXACT (Boost, Easter 2026)","BOX-SP/EXACT (Boost, Easter 2026)",easter gifts for teens,EXACT,409,23,24.79,0.0,0,0.0,,0.4
474287046075083,369705238653820,453927473509233,,ME - Exact - T2 - SP,,diary for girls ages 8-12,EXACT,2646,29,24.18,32.99,1,1.36,73.3,0.91
491652134548478,310142090670414,556153338698550,,"BRAND-STORE/BROAD (Me,Box,Bottle)",,birthday gift for tween girl,broad,231,112,22.38,161.86,4,7.23,13.8,0.2
270478855393981,330914661141003,411057451043075,,"BOX-SP/EXACT (Boost, Easter 2026)","BOX-SP/EXACT (Boost, Easter 2026)",teen girl easter basket,EXACT,295,22,22.3,0.0,0,0.0,,0.4
52908075625268,534610845843046,338346191500781,,"BOX-SP/AUTO (Blue, Discovery)",LOLLIBOX Blue - AUTO,loose-match,Automatic,171,92,21.81,32.99,1,1.51,66.1,0.25
531456687555062,511166077504094,362169802025810,362169802025810,ME- COMPETITORS (with video),ME- COMPETITORS (with video),"asin=""B0BWLHX4BK""",ASIN,105,29,21.74,32.99,1,1.52,65.9,0.8
366680190861213,372774821874751,429074289072073,,"BOX-SP/EXACT (Conquest, Tween Gifts, Blue)",Lollibox - Exact - tween girls gifts,tween girls gifts,EXACT,1949,30,21.5,141.79,3,6.59,15.2,0.8
102652064294862,179404377394651,365324740225805,,BRAND-STORE/BROAD (old one),,gifts for 10 year old,broad,287,81,20.93,114.2,3,5.46,18.3,0.29
435692261851957,459036452038723,292397244864070,,"ME-VIDEO/EXACT ((Boost, Girls journal)",,journal 10 year old girl,exact,79,37,20.81,131.96,4,6.34,15.8,0.6
17390526749894,494143378668151,299958018836306,,"FRESH-SP/AUTO (Pink, Discovery)",FRESH - AUTO/LOW BIDS(Pink),close-match,Automatic,77,36,19.8,49.9,1,2.52,39.7,0.35
102652064294862,179404377394651,374427863425572,,BRAND-STORE/BROAD (old one),,gifts for girls age 8-10,broad,523,70,19.73,272.0,2,13.79,7.3,0.29
102652064294862,179404377394651,492404004785607,,"BRAND-STORE/BROAD (Discovery, old one)",,gifts for teen pre girls games,broad,271,91,18.91,144.1,4,7.62,13.1,0.23
512157925768567,387259046659802,379744134839775,,BOX-SP/BOX (Excel words),,8 year old girl gifts,BROAD,1147,48,18.14,0.0,0,0.0,,0.35
531456687555062,511166077504094,342086261714217,342086261714217,ME- COMPETITORS (with video),ME- COMPETITORS (with video),"asin=""B0FGXX1T5L""",ASIN,1632,22,18.09,65.98,2,3.65,27.4,0.9
446012015657681,404659441401532,457180807495936,457180807495936,BOX- COMPETE (Copycats white),,"asin=""B0CLV7WYFP""",ASIN,589,28,18.06,0.0,0,0.0,,0.4
270478855393981,330914661141003,317500312797997,,"BOX-SP/EXACT (Boost, Easter 2026)","BOX-SP/EXACT (Boost, Easter 2026)",girls easter basket,EXACT,251,19,17.45,54.4,1,3.12,32.1,0.4
271418734706306,282024729983256,396648483869441,,BOX-VIDEO/PHRASE (Brand Defense),,happy lolli gift for tween and teen girls,exact,59,10,17.18,108.8,2,6.33,15.8,2.0
102652064294862,179404377394651,486742845967070,,BRAND-STORE/BROAD (old one),,box birthday gifts for girl,broad,139,62,16.32,217.6,4,13.33,7.5,0.29
144455215082932,287211588074596,472771457167637,472771457167637,BOTTLE-SP/PT (Product Defense),BOTTLE-SP/PT (Defense),"asin=""B0F4KCCSWN""",ASIN,978,39,16.28,0.0,0,0.0,,0.35
424256831364046,395333707404963,534864099331513,,BOX- STORE/ BROAD,,top gifts for a 9 year old girl,broad,521,83,15.29,0.0,0,0.0,,0.2
17390526749894,494143378668151,537887593673331,,"FRESH-SP/AUTO (Pink, Discovery)",FRESH - AUTO/LOW BIDS(Pink),substitutes,Automatic,183,30,15.02,99.8,2,6.64,15.1,0.35
292050934590827,402513197410802,454159551016200,,BOTTLE - EXACT - PRODUCT (tween games for girls),,games for 10 year old girls,EXACT,264,13,14.78,59.8,2,4.05,24.7,0.75
341550011573799,306508241367089,530878818849379,530878818849379,ME -COMPETE (purple),,"asin=""B0FGXX1T5L""",ASIN,235,16,14.32,32.99,1,2.3,43.4,0.83
531456687555062,511166077504094,360466919773877,360466919773877,ME- COMPETITORS (with video),ME- COMPETITORS (with video),"asin=""B0DDKHF2DD""",ASIN,551,17,13.82,65.98,2,4.77,20.9,1.0
14040466080362,353193873171054,556637287848315,,BOX-SP/PHRASE (Brand Defense),BOX-SP/PHRASE (Brand Defense),lollibox,PHRASE,106,27,13.77,326.4,6,23.7,4.2,0.5
93242473211749,293396259205015,547189549054272,547189549054272,FRESH-SP/PT (Product Defense),FRESH-SP/PT (Product Defense),"asin=""B0D7N31M6S""",ASIN,369,31,13.6,282.49,5,20.77,4.8,0.5
491652134548478,310142090670414,454174646191795,,"BRAND-STORE/BROAD (Me,Box,Bottle)",,gift for girls 6-8,broad,254,70,13.56,131.96,4,9.73,10.3,0.2
512157925768567,387259046659802,544675675362200,,BOX-SP/BOX (Excel words),,gifts for 14 year old girl,BROAD,324,33,12.73,0.0,0,0.0,,0.38
474287046075083,369705238653820,420722334098236,,ME - Exact - T2 - SP,,crafts for girls 8-12,EXACT,1296,16,12.69,0.0,0,0.0,,0.8
270478855393981,330914661141003,396796791798477,,"BOX-SP/EXACT (Boost, Easter 2026)","BOX-SP/EXACT (Boost, Easter 2026)",easter gifts for teen girls,EXACT,78,10,12.26,0.0,0,0.0,,0.4
491652134548478,310142090670414,469660865359079,,"BRAND-STORE/BROAD (Me,Box,Bottle)",,birthday gift for girls,broad,161,58,11.55,98.97,3,8.57,11.7,0.2
258822421490371,149548457304476,57279285595770,,"BOX-SP/PHRASE (Hunter, By Age, Pink)",Ad group 1,toys for 9 year old girls,PHRASE,259,22,11.51,54.4,1,4.73,21.2,0.52
292050934590827,402513197410802,545893582512098,,BOTTLE - EXACT - PRODUCT (tween games for girls),,games for tween girls,EXACT,57,8,11.43,29.9,1,2.62,38.2,0.9
103820198708330,433951599705977,287236609998468,,ME-SP/PHRASE (Brand Defense),ME-SP/PHRASE (Brand Defense),lollime,PHRASE,32,16,11.21,362.89,11,32.37,3.1,0.5
172872442210536,411998814663757,344018578735285,,"BOX-SP/AUTO (Purple, Discovery)",LOLLIBOX PURPLE - AUTO,complements,Automatic,148,46,10.62,108.8,2,10.24,9.8,0.25
214487258364251,467943414509134,491328336285816,,"ME-SP/EXACT (Boost, Girls journal)","ME-SP/EXACT (Boost, Girls journal)",journal set for girls,EXACT,87,9,9.96,0.0,0,0.0,,0.75
14040466080362,353193873171054,471354225677762,,BOX-SP/PHRASE (Brand Defense),BOX-SP/PHRASE (Brand Defense),lolli box,PHRASE,81,20,9.5,54.4,1,5.73,17.5,0.5
365150441119236,483580397147305,315912529953293,315912529953293,BOTTLE-COMPETE,,"asin=""B0G1G5343H""",ASIN,185,19,9.49,29.9,1,3.15,31.7,0.45
99944207859917,310431055012874,412191443873188,,"BOX-VIDEO/EXACT (13yo Birthday, Boost)",,13 year old girl birthday gifts,exact,184,14,9.41,0.0,0,0.0,,1.0
258822421490371,149548457304476,74937003702468,,"BOX-SP/PHRASE (Hunter, By Age, Pink)",Ad group 1,9 year old girl gifts,PHRASE,62,12,9.24,54.4,1,5.89,17.0,0.76
420451428679840,507749748893317,298600189636645,,"FRESH-SP/AUTO (Beige, Discovery)",FRESH - AUTO/LOW BIDS(Beige),substitutes,Automatic,104,30,8.82,0.0,0,0.0,,
52908075625268,534610845843046,418323086983460,,"BOX-SP/AUTO (Blue, Discovery)",LOLLIBOX Blue - AUTO,close-match,Automatic,162,37,8.81,87.39,2,9.92,10.1,0.25
537046793426450,327183226582531,428335926585831,,"ME-SBS/BROAD (Discovery, Journal)",,gift for 8+ year old girl,broad,195,22,8.56,164.95,5,19.27,5.2,0.35
488973733209950,416387480620841,445052966395752,,"BOX-SP/AUTO (White, Discovery)",LOLLIBOX WHITE - AUTO,substitutes,Automatic,62,16,8.37,108.8,1,13.0,7.7,0.13
172872442210536,411998814663757,479763865501526,,"BOX-SP/AUTO (Purple, Discovery)",LOLLIBOX PURPLE - AUTO,close-match,Automatic,260,37,7.95,54.4,1,6.84,14.6,0.25
214487258364251,467943414509134,490793895311177,,"ME-SP/EXACT (Boost, Girls journal)","ME-SP/EXACT (Boost, Girls journal)",journal 10 year old girl,EXACT,16,3,7.77,0.0,0,0.0,,0.75
250112863473946,547008849186913,492922309484536,492922309484536,ME-SP/PT (Product Defense),ME-SP/PT (Product Defense),"asin=""B0F9XDSVYB""",ASIN,175,10,6.53,65.98,2,10.1,9.9,0.75
292050934590827,402513197410802,403469503322332,,BOTTLE - EXACT - PRODUCT (tween games for girls),,games for girls 10-12,EXACT,48,6,6.15,0.0,0,0.0,,0.75
270478855393981,330914661141003,289815261318924,,"BOX-SP/EXACT (Boost, Easter 2026)","BOX-SP/EXACT (Boost, Easter 2026)",easter baskets for girls 8-12,EXACT,50,7,5.81,0.0,0,0.0,,0.4
258822421490371,149548457304476,16790715799850,,"BOX-SP/PHRASE (Hunter, By Age, Pink)",Ad group 1,girls toys 8-10 years old,PHRASE,80,9,5.0,0.0,0,0.0,,0.5
258822421490371,149548457304476,118965062285381,,"BOX-SP/PHRASE (Hunter, By Age, Pink)",Ad group 1,gifts for 12 year old girl,PHRASE,28,11,4.86,0.0,0,0.0,,0.5
102652064294862,179404377394651,205914275172683,,BRAND-STORE/BROAD (old one),,gifts for 7 year old girls,broad,37,15,4.36,0.0,0,0.0,,0.25
271418734706306,282024729983256,536626340986740,,BOX-VIDEO/PHRASE (Brand Defense),,lolli box,phrase,41,20,4.3,108.8,2,25.3,4.0,0.4
292050934590827,402513197410802,461222669017968,,BOTTLE - EXACT - PRODUCT (tween games for girls),,tween games for girls,EXACT,127,3,3.97,0.0,0,0.0,,0.75
446012015657681,404659441401532,502208194434268,502208194434268,BOX- COMPETE (Copycats white),,"asin=""B0FG2LM9V8""",ASIN,84,8,3.9,54.4,1,13.95,7.2,0.25
172872442210536,411998814663757,475204497124272,,"BOX-SP/AUTO (Purple, Discovery)",LOLLIBOX PURPLE - AUTO,substitutes,Automatic,49,22,3.71,0.0,0,0.0,,0.2
258822421490371,149548457304476,19758643018697,,"BOX-SP/PHRASE (Hunter, By Age, Pink)",Ad group 1,gifts for 11 year old girls,PHRASE,19,11,3.69,0.0,0,0.0,,0.5
470607264309745,296265181557571,514349781365968,,BOTTLE - SP - exact (games for teen girls)),,games for teen girls,EXACT,27,5,3.33,0.0,0,0.0,,0.6
474287046075083,287638112028332,548269006336867,,ME - Exact - T2 - SP,,girls arts and crafts ages 8-12,EXACT,64,4,2.62,0.0,0,0.0,,0.7
244719357754299,416691071383044,410069264920225,,ME-VIDEO/PHRASE (Brand Defense),,lolli me,phrase,11,8,2.19,65.98,2,30.13,3.3,0.4
103820198708330,433951599705977,302927378722442,,ME-SP/PHRASE (Brand Defense),ME-SP/PHRASE (Brand Defense),lolli me,PHRASE,3,2,2.18,0.0,0,0.0,,0.5
244719357754299,416691071383044,331363627751022,,ME-VIDEO/PHRASE (Brand Defense),,lollime,phrase,12,9,2.13,98.97,3,46.46,2.2,0.4
103820198708330,433951599705977,405889181421404,,ME-SP/PHRASE (Brand Defense),ME-SP/PHRASE (Brand Defense),happy lolli journal,PHRASE,4,3,2.01,0.0,0,0.0,,0.5
531456687555062,511166077504094,334239235434873,334239235434873,ME- COMPETITORS (with video),ME- COMPETITORS (with video),"asin=""B0C7RGZXMY""",ASIN,109,4,2.0,0.0,0,0.0,,0.5
52908075625268,534610845843046,462782722204022,,"BOX-SP/AUTO (Blue, Discovery)",LOLLIBOX Blue - AUTO,complements,Automatic,45,10,1.96,0.0,0,0.0,,0.25
424256831364046,395333707404963,340841753839846,,BOX- STORE/ BROAD,,gifts for 12+ year old girls,broad,44,11,1.96,0.0,0,0.0,,0.2
271418734706306,282024729983256,436298755776710,,BOX-VIDEO/PHRASE (Brand Defense),,lollibox,phrase,13,8,1.93,0.0,0,0.0,,0.4
197677273562758,414046502117920,512543077059603,,"BOX-VIDEO/EXACT (Boost, Easter 2026)",,easter baskets for teens,exact,14,3,1.93,0.0,0,0.0,,0.8
271418734706306,282024729983256,446148328536425,,BOX-VIDEO/PHRASE (Brand Defense),,happy lolli gift box,exact,19,9,1.89,108.8,2,57.57,1.7,1.0
470607264309745,296265181557571,302211820462098,,BOTTLE - SP - exact (games for teen girls)),,13th birthday games for girls,EXACT,10,3,1.83,29.9,1,16.34,6.1,0.6
197677273562758,414046502117920,511826081667373,,"BOX-VIDEO/EXACT (Boost, Easter 2026)",,easter basket for teen girls,exact,5,3,1.64,54.4,1,33.17,3.0,0.8
93242473211749,293396259205015,513685785303280,513685785303280,FRESH-SP/PT (Product Defense),FRESH-SP/PT (Product Defense),"asin=""B0D7N2MLDP""",ASIN,4,3,1.45,0.0,0,0.0,,0.5
258822421490371,149548457304476,90060307918040,,"BOX-SP/PHRASE (Hunter, By Age, Pink)",Ad group 1,12 year old girl gifts,PHRASE,18,2,1.2,0.0,0,0.0,,0.48
172187650043615,507673128185300,334603126184925,334603126184925,BOX-SP/PT (Product Defense),BOX-SP/PT (Product Defense),"asin=""B0DJFG5ZJ7""",ASIN,14,2,1.2,0.0,0,0.0,,0.75
197677273562758,414046502117920,521888157838959,,"BOX-VIDEO/EXACT (Boost, Easter 2026)",,easter gifts for teen girls,exact,2,2,1.08,0.0,0,0.0,,0.65
109684759411833,460337538335590,307183501727220,,BOTTLE-SP/PHRASE (Brand Defense),,happy lolli truth or dare,PHRASE,3,2,0.91,0.0,0,0.0,,0.4
470607264309745,296265181557571,511761279620046,,BOTTLE - SP - exact (games for teen girls)),,teen girl games,EXACT,3,1,0.8,0.0,0,0.0,,1.3
92805659761140,513766693626007,329005196559291,,BOTTLE-VIDEO/PHRASE (Brand Defense),,happy lolli truth or dare,exact,4,1,0.73,0.0,0,0.0,,1.0
537046793426450,327183226582531,489968806885789,,ME-STORE/BROAD,,gift for girls,broad,6,3,0.72,0.0,0,0.0,,0.18
197677273562758,414046502117920,423920149277225,,"BOX-VIDEO/EXACT (Boost, Easter 2026)",,easter basket gifts for teens,exact,2,1,0.7,0.0,0,0.0,,0.65
258822421490371,149548457304476,66766830145546,,"BOX-SP/PHRASE (Hunter, By Age, Pink)",Ad group 1,8 year old girl gifts,PHRASE,2,1,0.66,0.0,0,0.0,,0.44
244719357754299,416691071383044,456844950714200,,ME-VIDEO/PHRASE (Brand Defense),,happy lolli journal,phrase,3,3,0.65,120.38,3,185.2,0.5,0.4
197677273562758,414046502117920,393866705290138,,"BOX-VIDEO/EXACT (Boost, Easter 2026)",,teen girl easter basket,exact,1,1,0.64,0.0,0,0.0,,0.65
197677273562758,414046502117920,503501478150349,,"BOX-VIDEO/EXACT (Boost, Easter 2026)",,teenager easter basket,exact,1,1,0.62,0.0,0,0.0,,0.65
197677273562758,414046502117920,285449634106875,,"BOX-VIDEO/EXACT (Boost, Easter 2026)",,easter gifts for teens,exact,8,1,0.62,0.0,0,0.0,,0.65
197677273562758,414046502117920,375976739451656,,"BOX-VIDEO/EXACT (Boost, Easter 2026)",,easter basket for teens,exact,1,1,0.59,0.0,0,0.0,,0.65
197677273562758,414046502117920,442744974754215,,"BOX-VIDEO/EXACT (Boost, Easter 2026)",,teen easter basket,exact,1,1,0.59,0.0,0,0.0,,0.65
250112863473946,547008849186913,345657526111513,345657526111513,ME-SP/PT (Product Defense),ME-SP/PT (Product Defense),"asin=""B0F9XDSVYB""",ASIN,2,1,0.57,0.0,0,0.0,,0.75
52908075625268,534610845843046,537460042117279,,"BOX-SP/AUTO (Blue, Discovery)",LOLLIBOX Blue - AUTO,substitutes,Automatic,8,3,0.5,0.0,0,0.0,,0.2
258822421490371,149548457304476,251209538771642,,PINK BOX - HELIUM,Ad group 1,10 year old girl gift,PHRASE,1,1,0.46,0.0,0,0.0,,0.55
203850400072526,494504741050815,393134615334680,,FRESH-SP/PHRASE (Brand Defense),FRESH-SP/PHRASE (Brand Defense),happy lolli power shower gift set,EXACT,7,1,0.45,49.9,1,110.89,0.9,1.0
203850400072526,494504741050815,361848749445073,,FRESH-SP/PHRASE (Brand Defense),FRESH-SP/PHRASE (Brand Defense),happy lolli power shower,PHRASE,4,1,0.45,0.0,0,0.0,,1.0
271418734706306,282024729983256,446546095779490,,BOX-VIDEO/PHRASE (Brand Defense),,happy lolli gift for girls,exact,4,2,0.43,54.4,1,126.51,0.8,1.0
14040466080362,353193873171054,557935546503505,,BOX-SP/PHRASE (Brand Defense),BOX-SP/PHRASE (Brand Defense),lolli gift box,PHRASE,2,1,0.38,0.0,0,0.0,,0.5
